,Titulo,Enlace URL
0,SUSCRÍBASE,https://suscripciones.larepublica.co/
2,FINANZAS,https://www.larepublica.co/finanzas
3,ECONOMÍA,https://www.larepublica.co/economia
4,EMPRESAS,https://www.larepublica.co/empresas
5,OCIO,https://www.larepublica.co/ocio
6,GLOBOECONOMÍA,https://www.larepublica.co/globoeconomia
7,AGRONEGOCIOS,https://www.agronegocios.co
8,ANÁLISIS,https://www.larepublica.co/analisis
9,ASUNTOS LEGALES,https://www.asuntoslegales.com.co
10,CAJA FUERTE,https://www.larepublica.co/caja-fuerte
11,INDICADORES,https://www.larepublica.co/indicadores-economicos
12,INSIDE,https://www.larepublica.co/inside
13,Corficolombiana,https://www.larepublica.co/corficolombiana
14,Finagro,https://www.larepublica.co/finagro
15,Agro,https://www.larepublica.co/agro
16,Construcción,https://www.larepublica.co/construccion
17,Expo Agrofuturo,https://www.larepublica.co/expo-agrofuturo
18,Carros más vendidos,https://www.larepublica.co/carros-mas-vendidos
19,Reforma laboral 2023,https://www.larepublica.co/reforma-laboral-2023
20,Gasolina,https://www.larepublica.co/gasolina
22,FINANZAS,https://www.larepublica.co/finanzas
23,ECONOMÍA,https://www.larepublica.co/economia
24,EMPRESAS,https://www.larepublica.co/empresas
25,OCIO,https://www.larepublica.co/ocio
26,GLOBOECONOMÍA,https://www.larepublica.co/globoeconomia
27,AGRONEGOCIOS,https://www.agronegocios.co
28,ANÁLISIS,https://www.larepublica.co/analisis
29,ASUNTOS LEGALES,https://www.asuntoslegales.com.co
30,CAJA FUERTE,https://www.larepublica.co/caja-fuerte
31,INDICADORES,https://www.larepublica.co/indicadores-economicos
32,INSIDE,https://www.larepublica.co/inside
38,FINANZAS,https://www.larepublica.co/finanzas
39,ECONOMÍA,https://www.larepublica.co/economia
40,EMPRESAS,https://www.larepublica.co/empresas
41,OCIO,https://www.larepublica.co/ocio
42,GLOBOECONOMÍA,https://www.larepublica.co/globoeconomia
43,AGRONEGOCIOS,https://www.agronegocios.co
44,ANÁLISIS,https://www.larepublica.co/analisis
45,ASUNTOS LEGALES,https://www.asuntoslegales.com.co
46,CAJA FUERTE,https://www.larepublica.co/caja-fuerte
47,CONSUMO,https://www.larepublica.co/consumo
48,ALTA GERENCIA,https://www.larepublica.co/alta-gerencia
49,FINANZAS PERSONALES,https://www.larepublica.co/finanzas-personales
50,INFRAESTRUCTURA,https://www.larepublica.co/infraestructura
51,INTERNET ECONOMY,https://www.larepublica.co/internet-economy
52,RESPONSABILIDAD SOCIAL,https://www.larepublica.co/responsabilidad-social
53,SALUD EJECUTIVA,https://www.larepublica.co/salud-ejecutiva
54,EVENTOS,https://www.larepublica.co/foros
55,ESPECIALES,https://www.larepublica.co/especiales
56,COMUNIDAD EMPRESARIAL,https://www.larepublica.co/comunidad-empresarial
57,SOCIALES,https://www.larepublica.co/sociales
58,INDICADORES,https://www.larepublica.co/indicadores-economicos
59,INSIDE,https://www.larepublica.co/inside
60,PODCAST,https://www.larepublica.co/podcast
61,VIDEOS,https://www.larepublica.co/videos
62,OBITUARIOS,https://www.larepublica.co/obituarios
63,#DomingoEconómico,
65,Turismo,https://www.larepublica.co/ocio/estos-son-los-15-peores-lugares-para-un-turista-segun-lexie-alford-y-espana-3694969
66,"El ranking mundial que clasificó a los ""peores"" lugares para los turistas",https://www.larepublica.co/ocio/estos-son-los-15-peores-lugares-para-un-turista-segun-lexie-alford-y-espana-3694969
68,Profesiones que se crearon como efecto de la inteligencia artificial,https://www.larepublica.co/empresas/profesiones-que-se-crearon-como-efecto-de-la-inteligencia-artificial-3694974
70,¿Cuántas personas en el mundo lograron tener más de US$1 millón?,https://www.larepublica.co/globoeconomia/poblacion-millonaria-del-mundo-3694996
72,Las finanzas de los equipos que están en semifinal de la Libertadores,https://www.larepublica.co/ocio/las-finanzas-de-los-equipos-que-estan-en-semifinal-de-la-libertadores-3694982
74,Lugares a los que apuntan estudiantes colombianos para migrar,https://www.larepublica.co/economia/canada-australia-y-ee-uu-como-los-destinos-frecuentes-para-estudiantes-colombianos-3694989
76,Restaurantes vegetarianos o veganos que más buscan en Tripadvisor,https://www.larepublica.co/ocio/los-restaurantes-vegetarianos-que-mas-buscan-en-tripadvisor-3694968
78,Mejores lugares para trabajar en Colombia según Great Place to Work,https://www.larepublica.co/empresas/mejores-lugares-para-trabajar-en-colombia-segun-great-place-to-work-3694984
80,Turismo,https://www.larepublica.co/economia/los-visitantes-no-residentes-en-julio-fueron-494-607-y-aumentaron-12-6-contra-2022-3694489
81,"Los visitantes no residentes en julio fueron 494.607 y aumentaron 12,6 % contra 2022",https://www.larepublica.co/economia/los-visitantes-no-residentes-en-julio-fueron-494-607-y-aumentaron-12-6-contra-2022-3694489
82,VER MÁS DE TRM,https://www.larepublica.co/indicadores-economicos/mercado-cambiario/dolar
83,VER MÁS DE TASA DE INTERVENCIÓN DE POLÍTICA MONETARIA,https://www.larepublica.co/indicadores-economicos/macro/tasa-de-intervencion-de-politica-monetaria
84,VER MÁS DE PETRÓLEO BRENT,https://www.larepublica.co/indicadores-economicos/commodities/petroleo
86,Ambiente,https://www.larepublica.co/globoeconomia/el-fmi-alerta-que-grandes-inversionistas-no-han-medido-riesgos-del-cambio-climatico-3695043
87,El FMI alerta que grandes inversionistas no han medido riesgos del cambio climático,https://www.larepublica.co/globoeconomia/el-fmi-alerta-que-grandes-inversionistas-no-han-medido-riesgos-del-cambio-climatico-3695043
89,Comercio,https://www.larepublica.co/globoeconomia/los-precios-de-los-diamantes-estan-en-caida-libre-en-una-esquina-clave-del-mercado-3695053
92,Entretenimiento,https://www.larepublica.co/ocio/no-sabe-que-ver-en-su-servicio-de-streaming-esta-es-una-de-las-principales-razones-3694955
93,¿No sabe qué ver en su servicio de streaming? Esta es una de las principales razones,https://www.larepublica.co/ocio/no-sabe-que-ver-en-su-servicio-de-streaming-esta-es-una-de-las-principales-razones-3694955
95,Estados Unidos,https://www.larepublica.co/globoeconomia/encuesta-de-septiembre-de-2023-para-la-presidencia-de-estados-unidos-en-2024-3694929
96,Trump avanza como la primera opción para los republicanos según encuesta de WSJ,https://www.larepublica.co/globoeconomia/encuesta-de-septiembre-de-2023-para-la-presidencia-de-estados-unidos-en-2024-3694929
98,Energía,https://www.larepublica.co/economia/embalses-de-generacion-de-energia-estan-en-80-pero-el-kilovatio-se-acerca-a-1-000-3694957
99,Embalses de generación de energía están en 80% pero el kilovatio se acerca a $1.000,https://www.larepublica.co/economia/embalses-de-generacion-de-energia-estan-en-80-pero-el-kilovatio-se-acerca-a-1-000-3694957
101,Francia,https://www.larepublica.co/globoeconomia/francia-planea-prohibir-cigarrillos-electronicos-desechables-por-aumento-de-fumadores-3695037
102,Francia planea prohibir cigarrillos electrónicos desechables por aumento de fumadores,https://www.larepublica.co/globoeconomia/francia-planea-prohibir-cigarrillos-electronicos-desechables-por-aumento-de-fumadores-3695037
105,El status quo no es el camino,https://www.larepublica.co/analisis/p-harold-castilla-devoz-2912463/el-status-quo-no-es-el-camino-3694339
106,P. Harold Castilla Devoz,https://www.larepublica.co/analisis/p-harold-castilla-devoz-2912463
108,¿El mercado conoce o sabe más?,https://www.larepublica.co/analisis/carlos-fernando-villa-gomez-400403/el-mercado-conoce-o-sabe-mas-3694296
109,Carlos Fernando Villa Gómez,https://www.larepublica.co/analisis/carlos-fernando-villa-gomez-400403
110,VER OTROS ANALISTAS,https://www.larepublica.co/analisis
112,Energía,https://www.larepublica.co/economia/precio-de-la-gasolina-corriente-para-septiembre-de-2023-3694758
113,"Haga cuentas, la gasolina en septiembre subió otros $400 a un promedio de $13.564",https://www.larepublica.co/economia/precio-de-la-gasolina-corriente-para-septiembre-de-2023-3694758
115,Transporte,https://www.larepublica.co/economia/petro-planteo-pagar-en-la-factura-de-la-luz-una-cuota-para-usar-el-transporte-publico-3694934
116,Petro planteó pagar en la factura de la luz una cuota para usar el transporte público,https://www.larepublica.co/economia/petro-planteo-pagar-en-la-factura-de-la-luz-una-cuota-para-usar-el-transporte-publico-3694934
118,Bolsas,https://www.larepublica.co/finanzas/la-presidenta-de-corficolombiana-maria-lorena-gutierrez-hablo-sobre-a-fusion-de-las-bolsas-3694162
119,"""Este año invertiremos más de $1,4 billones, para generar más de 30.000 empleos""",https://www.larepublica.co/finanzas/la-presidenta-de-corficolombiana-maria-lorena-gutierrez-hablo-sobre-a-fusion-de-las-bolsas-3694162
121,Agro,https://www.larepublica.co/finanzas/angela-maria-penagos-presidenta-de-finagro-entrego-un-balance-de-su-gestion-3694136
122,"""Somos una de las entidades que ha tenido una mejor ejecución de los presupuestos""",https://www.larepublica.co/finanzas/angela-maria-penagos-presidenta-de-finagro-entrego-un-balance-de-su-gestion-3694136
123,India,https://www.larepublica.co/globoeconomia/despues-de-la-luna-india-lanza-un-cohete-para-estudiar-el-sol-en-su-primera-mision-3694985
124,"Después de la Luna, India lanza un cohete para estudiar el Sol en su primera misión",https://www.larepublica.co/globoeconomia/despues-de-la-luna-india-lanza-un-cohete-para-estudiar-el-sol-en-su-primera-mision-3694985
125,Empresas,https://www.larepublica.co/empresas/carros-mas-vendidos-en-agosto-3694431
126,Renault con la Duster y Toyota con Corolla son los carros más vendidos hasta agosto,https://www.larepublica.co/empresas/carros-mas-vendidos-en-agosto-3694431
127,Agro,https://www.agronegocios.co/tecnologia/entrevista-con-ricardo-jaramillo-ceo-de-agrilink-3694138
128,“En Expo Agrofuturo esperamos negocios por $300.000 millones durante tres días”,https://www.agronegocios.co/tecnologia/entrevista-con-ricardo-jaramillo-ceo-de-agrilink-3694138
129,INDICADORES,https://www.larepublica.co/indicadores-economicos
130,TRM HOY,https://www.larepublica.co/indicadores-economicos/mercado-cambiario/dolar
131,PETRÓLEO WTI,https://www.larepublica.co/indicadores-economicos/commodities/petroleo
132,PETRÓLEO BRENT,https://www.larepublica.co/indicadores-economicos/commodities/petroleo
133,CAFÉ COLOMBIAN MILDS,https://www.larepublica.co/indicadores-economicos/commodities/cafe
134,UVR,https://www.larepublica.co/indicadores-economicos/bancos/uvr
135,TASA DE USURA CRÉDITO CONSUMO,https://www.larepublica.co/indicadores-economicos/bancos/tasa-de-usura
136,IPC MENSUAL,https://www.larepublica.co/indicadores-economicos/macro/ipc
137,IPP MENSUAL,https://www.larepublica.co/indicadores-economicos/macro/ipp
138,PIB,https://www.larepublica.co/indicadores-economicos/macro/pib
139,MÁS INDICADORES,https://www.larepublica.co/indicadores-economicos
140,ACCIONES,https://www.larepublica.co/indicadores-economicos/movimiento-accionario
141,"LA MÁS TRANSADA

CEMARGOS
01/09/2023



$ 3.080



+$ 178",https://www.larepublica.co/indicadores-economicos/movimiento-accionario/cemargos
142,"LA MÁS VALORADA

CEMARGOS
01/09/2023



$ 3.080



+$ 178",https://www.larepublica.co/indicadores-economicos/movimiento-accionario/cemargos
143,"MÁS DESVALORIZADA

PFAVAL
01/09/2023



$ 475,10



-$ 34,90",https://www.larepublica.co/indicadores-economicos/movimiento-accionario/pfaval
144,MÁS ACCIONES,https://www.larepublica.co/indicadores-economicos/movimiento-accionario
146,Hacienda,https://www.larepublica.co/economia/la-reforma-laboral-de-petro-plantea-cambios-en-politica-de-formalizacion-de-migrantes-3694477
147,La reforma laboral de Petro plantea cambios en política de formalización de migrantes,https://www.larepublica.co/economia/la-reforma-laboral-de-petro-plantea-cambios-en-politica-de-formalizacion-de-migrantes-3694477
149,Hacienda,https://www.larepublica.co/economia/ministerio-de-transporte-prepara-propuesta-para-poder-congelar-el-acpm-en-2024-3694448
150,Ministerio de Transporte prepara propuesta para congelar el precio del Acpm en 2024,https://www.larepublica.co/economia/ministerio-de-transporte-prepara-propuesta-para-poder-congelar-el-acpm-en-2024-3694448
151,Comercio,https://www.larepublica.co/empresas/entrevista-a-julian-dominguez-presidente-de-confecamaras-3694137
152,"""Un plan de reactivación debería tener su foco en la construcción, las obras y las vías""",https://www.larepublica.co/empresas/entrevista-a-julian-dominguez-presidente-de-confecamaras-3694137
153,Hacienda,https://www.larepublica.co/economia/la-junta-del-emisor-tiene-consenso-sobre-el-rumbo-y-el-momento-para-recortar-tasas-3694529
154,“La Junta del Emisor tiene consenso sobre el rumbo y el momento para recortar tasas”,https://www.larepublica.co/economia/la-junta-del-emisor-tiene-consenso-sobre-el-rumbo-y-el-momento-para-recortar-tasas-3694529
155,Comunicaciones,https://www.larepublica.co/globoeconomia/paises-de-america-latina-en-los-que-opera-la-red-5g-3694459
156,Esta es la lista de países de América Latina que están liderando la carrera por el 5G,https://www.larepublica.co/globoeconomia/paises-de-america-latina-en-los-que-opera-la-red-5g-3694459
158,"La liposucción y el bótox, los procedimientos más demandados durante el último año",https://www.larepublica.co/ocio/cuales-son-los-procedimientos-plasticos-y-esteticos-mas-demandados-en-el-mundo-3693883
159,ENERGÍA,https://www.larepublica.co/economia/compensacion-a-taxis-podria-costar-al-gobierno-hasta-25-000-millones-mensuales-3694405
160,Compensación a taxis podría costar al Gobierno hasta $25.000 millones mensuales,https://www.larepublica.co/economia/compensacion-a-taxis-podria-costar-al-gobierno-hasta-25-000-millones-mensuales-3694405
161,Hacienda,https://www.larepublica.co/economia/dian-reporto-un-crecimiento-de-11-6-en-el-valor-de-aprehensiones-para-el-ano-3694290
162,"Dian reportó un crecimiento de 11,6% en el valor de aprehensiones para 2023",https://www.larepublica.co/economia/dian-reporto-un-crecimiento-de-11-6-en-el-valor-de-aprehensiones-para-el-ano-3694290
164,“Esperamos en 2024 lograr la apertura del mercado chino con nuestra carne bovina”,https://www.larepublica.co/inside/video/juan-fernando-roa-3693752
165,Juan Fernando Roa,https://www.larepublica.co/inside/video/juan-fernando-roa-3693752
167,"""La realidad es que en un día típico Bogotá se mueve aproximadamente a 23 km por hora""",https://www.larepublica.co/inside/video/deyanira-avila-3692713
168,Deyanira Ávila,https://www.larepublica.co/inside/video/deyanira-avila-3692713
170,“Vemos nuestra expansión con las mini bodegas en territorios como Ecuador y Perú”,https://www.larepublica.co/inside/video/luis-aurelio-diaz-3692705
171,Luis Aurelio Díaz,https://www.larepublica.co/inside/video/luis-aurelio-diaz-3692705
173,MÁS INSIDES,/inside
174,ECONOMÍA,https://www.larepublica.co/economia
176,Industria,https://www.larepublica.co/economia/indice-de-gestion-de-compras-del-sector-industrial-retrocedio-a-46-8-puntos-en-agosto-3694501
177,"Índice de Gestión de Compras del sector industrial retrocedió a 46,8 puntos en agosto",https://www.larepublica.co/economia/indice-de-gestion-de-compras-del-sector-industrial-retrocedio-a-46-8-puntos-en-agosto-3694501
179,Ambiente,https://www.larepublica.co/economia/particulas-contaminantes-encontradas-en-el-aire-de-cartagena-por-auditoria-de-epa-3695044
180,Partículas contaminantes encontradas en el aire de Cartagena por auditoría de EPA,https://www.larepublica.co/economia/particulas-contaminantes-encontradas-en-el-aire-de-cartagena-por-auditoria-de-epa-3695044
181,Hacienda,https://www.larepublica.co/economia/dnp-anuncia-capacitaciones-a-servidores-publicos-y-contratistas-en-aplicativos-3694350
182,DNP anuncia capacitaciones a servidores públicos y contratistas en aplicativos,https://www.larepublica.co/economia/dnp-anuncia-capacitaciones-a-servidores-publicos-y-contratistas-en-aplicativos-3694350
183,Transporte,https://www.larepublica.co/economia/puente-metalico-sera-habilitado-luego-de-emergencia-en-norte-de-santander-3694257
184,Puente metálico será habilitado luego de emergencia en Norte de Santander,https://www.larepublica.co/economia/puente-metalico-sera-habilitado-luego-de-emergencia-en-norte-de-santander-3694257
185,ECOPETROL,https://www.larepublica.co/indicadores-economicos/movimiento-accionario/ecopetrol
186,MÁS ECONOMÍA,https://www.larepublica.co/economia
187,Videos,https://www.larepublica.co/videos
189,Comment LR,https://www.larepublica.co/videos/comment-lr
190,Moda,https://www.larepublica.co/ocio/como-lucir-la-barba-en-la-oficina-y-no-verse-desarreglado-3693166
191,Cómo lucir una barba hidratada y saludable en la oficina para no verse desarreglado,https://www.larepublica.co/ocio/como-lucir-la-barba-en-la-oficina-y-no-verse-desarreglado-3693166
193,Transmisión en vivo,https://www.larepublica.co/videos/transmision-en-vivo
194,Hacienda,https://www.larepublica.co/economia/foro-con-el-alcalde-de-bucaramanga-juan-carlos-cardenas-3693164
195,"“No es solamente generar empleo, sino que sea de calidad, la formalidad es rentable”",https://www.larepublica.co/economia/foro-con-el-alcalde-de-bucaramanga-juan-carlos-cardenas-3693164
197,Datos Cocteleros,https://www.larepublica.co/videos/datos-cocteleros
198,Gastronomía,https://www.larepublica.co/ocio/datos-cocteleros-bandeja-paisa-ajiaco-cocido-boyacense-3690184
199,"El origen de la bandeja paisa, el ajiaco y el cocido boyacense en los Datos Cocteleros",https://www.larepublica.co/ocio/datos-cocteleros-bandeja-paisa-ajiaco-cocido-boyacense-3690184
201,Comment LR,https://www.larepublica.co/videos/comment-lr
202,Hacienda,https://www.larepublica.co/economia/el-departamento-para-la-prosperidad-social-tiene-mas-presupuesto-que-15-ministerios-3691019
203,El Departamento para la Prosperidad Social tiene más presupuesto que 15 ministerios,https://www.larepublica.co/economia/el-departamento-para-la-prosperidad-social-tiene-mas-presupuesto-que-15-ministerios-3691019
205,Comment LR,https://www.larepublica.co/videos/comment-lr
206,Energía,https://www.larepublica.co/economia/los-impuestos-del-precio-del-galon-de-gasolina-corriente-son-al-menos-20-del-total-3689890
207,Los impuestos del precio del galón de gasolina corriente son al menos 20% del total,https://www.larepublica.co/economia/los-impuestos-del-precio-del-galon-de-gasolina-corriente-son-al-menos-20-del-total-3689890
208,MÁS VIDEOS,https://www.larepublica.co/videos
209,EMPRESAS,https://www.larepublica.co/empresas
211,Energía,https://www.larepublica.co/empresas/cerro-matoso-pidio-al-gobierno-medidas-para-evitar-racionamiento-de-gas-en-el-caribe-3693984
212,Cerro Matoso pidió al Gobierno medidas para evitar racionamiento de gas en el Caribe,https://www.larepublica.co/empresas/cerro-matoso-pidio-al-gobierno-medidas-para-evitar-racionamiento-de-gas-en-el-caribe-3693984
213,Industria,https://www.larepublica.co/empresas/tras-alianza-con-la-universidad-pontificia-bolivariana-wingo-presenta-nuevos-uniformes-3695057
214,"Tras alianza con la Universidad Pontificia Bolivariana, Wingo renueva su imagen en cabina",https://www.larepublica.co/empresas/tras-alianza-con-la-universidad-pontificia-bolivariana-wingo-presenta-nuevos-uniformes-3695057
216,Perú,https://www.larepublica.co/empresas/reebok-invertira-hasta-us-1-2-millones-en-tiendas-propias-como-expansion-en-peru-3694952
217,Reebok invertirá hasta US$1.2 millones en tiendas propias como expansión en Perú,https://www.larepublica.co/empresas/reebok-invertira-hasta-us-1-2-millones-en-tiendas-propias-como-expansion-en-peru-3694952
219,Automotor,https://www.larepublica.co/empresas/yamaha-akt-y-bajaj-son-las-marcas-que-jalonan-el-mercado-de-motos-3694423
220,"Yamaha, AKT y Bajaj jalonan el mercado de motos con recuperación de 5% en agosto",https://www.larepublica.co/empresas/yamaha-akt-y-bajaj-son-las-marcas-que-jalonan-el-mercado-de-motos-3694423
222,Transporte,https://www.larepublica.co/empresas/vuelos-hacia-villavicencio-clic-3694124
223,Clic anunció que aumentará la frecuencia diaria de vuelos con destino a Villavicencio,https://www.larepublica.co/empresas/vuelos-hacia-villavicencio-clic-3694124
225,MÁS EMPRESAS,https://www.larepublica.co/empresas
226,MÁS OBITUARIOS,/obituarios
227,BCOLOMBIA,https://www.larepublica.co/indicadores-economicos/movimiento-accionario/bcolombia
228,BOGOTA,https://www.larepublica.co/indicadores-economicos/movimiento-accionario/bogota
229,BVC,https://www.larepublica.co/indicadores-economicos/movimiento-accionario/bvc
230,CELSIA,https://www.larepublica.co/indicadores-economicos/movimiento-accionario/celsia
231,CEMARGOS,https://www.larepublica.co/indicadores-economicos/movimiento-accionario/cemargos
232,CNEC,https://www.larepublica.co/indicadores-economicos/movimiento-accionario/cnec
233,CONCONCRET,https://www.larepublica.co/indicadores-economicos/movimiento-accionario/conconcret
234,CORFICOLCF,https://www.larepublica.co/indicadores-economicos/movimiento-accionario/corficolcf
235,ECOPETROL,https://www.larepublica.co/indicadores-economicos/movimiento-accionario/ecopetrol
236,ENKA,https://www.larepublica.co/indicadores-economicos/movimiento-accionario/enka
237,ETB,https://www.larepublica.co/indicadores-economicos/movimiento-accionario/etb
238,EXITO,https://www.larepublica.co/indicadores-economicos/movimiento-accionario/exito
239,GEB,https://www.larepublica.co/indicadores-economicos/movimiento-accionario/geb
240,GRUBOLIVAR,https://www.larepublica.co/indicadores-economicos/movimiento-accionario/grubolivar
241,GRUPOARGOS,https://www.larepublica.co/indicadores-economicos/movimiento-accionario/grupoargos
242,GRUPOAVAL,https://www.larepublica.co/indicadores-economicos/movimiento-accionario/grupoaval
243,GRUPOSURA,https://www.larepublica.co/indicadores-economicos/movimiento-accionario/gruposura
244,HCOLSEL,https://www.larepublica.co/indicadores-economicos/movimiento-accionario/hcolsel
245,ICOLCAP,https://www.larepublica.co/indicadores-economicos/movimiento-accionario/icolcap
246,ISA,https://www.larepublica.co/indicadores-economicos/movimiento-accionario/isa
247,MINEROS,https://www.larepublica.co/indicadores-economicos/movimiento-accionario/mineros
248,NUTRESA,https://www.larepublica.co/indicadores-economicos/movimiento-accionario/nutresa
249,PFAVAL,https://www.larepublica.co/indicadores-economicos/movimiento-accionario/pfaval
250,PFBCOLOM,https://www.larepublica.co/indicadores-economicos/movimiento-accionario/pfbcolom
251,PFCEMARGOS,https://www.larepublica.co/indicadores-economicos/movimiento-accionario/pfcemargos
252,PFCORFICOL,https://www.larepublica.co/indicadores-economicos/movimiento-accionario/pfcorficol
253,PFDAVVNDA,https://www.larepublica.co/indicadores-economicos/movimiento-accionario/pfdavvnda
254,PFGRUPOARG,https://www.larepublica.co/indicadores-economicos/movimiento-accionario/pfgrupoarg
255,PFGRUPSURA,https://www.larepublica.co/indicadores-economicos/movimiento-accionario/pfgrupsura
256,PROMIGAS,https://www.larepublica.co/indicadores-economicos/movimiento-accionario/promigas
257,PROTECCION,https://www.larepublica.co/indicadores-economicos/movimiento-accionario/proteccion
258,TERPEL,https://www.larepublica.co/indicadores-economicos/movimiento-accionario/terpel
259,MÁS ACCIONES,https://www.larepublica.co/indicadores-economicos/movimiento-accionario
260,GLOBOECONOMÍA,https://www.larepublica.co/globoeconomia
262,Chile,https://www.larepublica.co/globoeconomia/falabella-vendera-activos-por-hasta-us-400-millones-y-dice-poder-reducir-mas-deuda-3693878
263,Falabella venderá activos por hasta US$400 millones y dice poder reducir más deuda,https://www.larepublica.co/globoeconomia/falabella-vendera-activos-por-hasta-us-400-millones-y-dice-poder-reducir-mas-deuda-3693878
264,México,https://www.larepublica.co/globoeconomia/autoridades-mexicanas-y-aerolineas-chocan-por-reduccion-de-operaciones-en-el-aicm-3693964
265,Autoridades mexicanas y aerolíneas chocan por reducción de operaciones en el Aicm,https://www.larepublica.co/globoeconomia/autoridades-mexicanas-y-aerolineas-chocan-por-reduccion-de-operaciones-en-el-aicm-3693964
266,Perú,https://www.larepublica.co/globoeconomia/inflacion-de-lima-metropolitana-se-ubica-en-5-5-en-agosto-con-tendencia-a-la-baja-3693968
267,"Inflación de Lima Metropolitana se ubica en 5,5% en agosto con tendencia a la baja",https://www.larepublica.co/globoeconomia/inflacion-de-lima-metropolitana-se-ubica-en-5-5-en-agosto-con-tendencia-a-la-baja-3693968
268,Venezuela,https://www.larepublica.co/globoeconomia/intermitencia-en-suministro-de-gas-en-venezuela-una-falla-sin-resolverse-3693790
269,"La intermitencia en suministro de gas en Venezuela, una falla sin resolverse",https://www.larepublica.co/globoeconomia/intermitencia-en-suministro-de-gas-en-venezuela-una-falla-sin-resolverse-3693790
270,España,https://www.larepublica.co/globoeconomia/la-vicepresidenta-calvino-no-descarta-prolongar-el-impuesto-extraordinario-a-la-banca-3693605
271,La vicepresidenta Calviño no descarta prolongar el impuesto extra a la banca,https://www.larepublica.co/globoeconomia/la-vicepresidenta-calvino-no-descarta-prolongar-el-impuesto-extraordinario-a-la-banca-3693605
272,Argentina,https://www.larepublica.co/globoeconomia/operadoras-argentinas-solicitan-modificar-condiciones-de-subasta-para-despliegue-5g-3693081
273,Operadoras argentinas solicitan modificar condiciones de subasta para despliegue 5G,https://www.larepublica.co/globoeconomia/operadoras-argentinas-solicitan-modificar-condiciones-de-subasta-para-despliegue-5g-3693081
274,Hacienda,https://www.larepublica.co/globoeconomia/inflacion-de-agosto-en-la-eurozona-3692769
275,"Costo de la energía cae en la Eurozona e inflación se mantiene en 5,3% en agosto",https://www.larepublica.co/globoeconomia/inflacion-de-agosto-en-la-eurozona-3692769
276,MÁS GLOBOECONOMÍA,https://www.larepublica.co/globoeconomia
279,Comercio,https://www.asuntoslegales.com.co/consumidor/hemos-quedado-nueve-veces-en-el-ranking-de-chambers-and-partners-en-la-banda-1-3694311
280,“Hemos quedado nueve veces en el ranking de Chambers and Partners en la Banda 1”,https://www.asuntoslegales.com.co/consumidor/hemos-quedado-nueve-veces-en-el-ranking-de-chambers-and-partners-en-la-banda-1-3694311
281,Judicial,https://www.asuntoslegales.com.co/actualidad/miguel-maza-investigado-por-el-homicidio-del-excandidato-presidencial-carlos-pizarro-3694000
282,"Miguel Maza, investigado por el homicidio del excandidato presidencial Carlos Pizarro",https://www.asuntoslegales.com.co/actualidad/miguel-maza-investigado-por-el-homicidio-del-excandidato-presidencial-carlos-pizarro-3694000
284,Judicial,https://www.asuntoslegales.com.co/actualidad/la-procuraduria-inicio-vigilancia-sobre-el-proceso-de-desvinculacion-en-colpensiones-3694240
285,La Procuraduría inició vigilancia sobre el proceso de desvinculación en Colpensiones,https://www.asuntoslegales.com.co/actualidad/la-procuraduria-inicio-vigilancia-sobre-el-proceso-de-desvinculacion-en-colpensiones-3694240
287,MÁS ASUNTOS LEGALES,https://www.asuntoslegales.com.co
288,VER DETALLE,https://www.larepublica.co/antes-y-ahora
289,FINANZAS,https://www.larepublica.co/finanzas
291,Bancos,https://www.larepublica.co/finanzas/estos-son-los-precios-de-los-avances-en-tarjetas-de-credito-3693973
292,¿Cuáles son los bancos que más cobran por realizar avances con la tarjeta de crédito?,https://www.larepublica.co/finanzas/estos-son-los-precios-de-los-avances-en-tarjetas-de-credito-3693973
294,Bancos,https://www.larepublica.co/finanzas/finanzauto-obtiene-financiacion-por-us-55-millones-de-la-dfc-por-plazo-de-siete-anos-3694674
295,Finanzauto obtiene financiación por US$55 millones de la DFC por plazo de siete años,https://www.larepublica.co/finanzas/finanzauto-obtiene-financiacion-por-us-55-millones-de-la-dfc-por-plazo-de-siete-anos-3694674
296,Bancos,https://www.larepublica.co/finanzas/asamblea-extraordinaria-scotiabank-colpratria-aprobo-cambios-en-su-junta-directiva-3694518
297,Asamblea Extraordinaria Scotiabank Colpratria aprobó cambios en su junta directiva,https://www.larepublica.co/finanzas/asamblea-extraordinaria-scotiabank-colpratria-aprobo-cambios-en-su-junta-directiva-3694518
298,Bolsas,https://www.larepublica.co/finanzas/para-andres-restrepo-el-mercado-de-capitales-ha-mostrado-valor-pese-a-las-dificultades-3694227
299,"Para Andrés Restrepo, el mercado de capitales ha mostrado valor pese a las dificultades",https://www.larepublica.co/finanzas/para-andres-restrepo-el-mercado-de-capitales-ha-mostrado-valor-pese-a-las-dificultades-3694227
300,Laboral,https://www.larepublica.co/finanzas/porvenir-estima-cerrar-el-ano-con-un-crecimiento-de-29-en-solicitudes-de-pension-3693894
301,"Porvenir espera recibir 80.000 procesos solicitudes de pensión, 29% más que en 2022",https://www.larepublica.co/finanzas/porvenir-estima-cerrar-el-ano-con-un-crecimiento-de-29-en-solicitudes-de-pension-3693894
302,Bolsas,https://www.larepublica.co/finanzas/estos-son-los-16-miembro-del-consejo-directivo-de-holding-regional-3694099
303,Estos son los miembros que estarán al frente del consejo directivo de holding regional,https://www.larepublica.co/finanzas/estos-son-los-16-miembro-del-consejo-directivo-de-holding-regional-3694099
304,ICOLCAP,https://www.larepublica.co/indicadores-economicos/movimiento-accionario/icolcap
305,MÁS FINANZAS,https://www.larepublica.co/finanzas
306,ESPECIALES,https://www.larepublica.co/especiales
307,Bancos,https://www.larepublica.co/especiales/gota-a-gota-delito-de-exportacion
308,"Gota a gota, delito de exportación",https://www.larepublica.co/especiales/gota-a-gota-delito-de-exportacion
311,Industria,https://www.larepublica.co/especiales/las-empresas-mas-vendedoras-de-la-costa-caribe
312,Las empresas más vendedoras de la región Caribe,https://www.larepublica.co/especiales/las-empresas-mas-vendedoras-de-la-costa-caribe
315,Salud,https://www.larepublica.co/especiales/invierta-en-salud
316,Invierta en salud,https://www.larepublica.co/especiales/invierta-en-salud
319,MÁS ESPECIALES,https://www.larepublica.co/especiales
320,INTERNET ECONOMY,https://www.larepublica.co/internet-economy
322,Tecnología,https://www.larepublica.co/internet-economy/las-tareas-que-la-inteligencia-artificial-puede-realizar-de-mejor-forma-que-los-humanos-3694389
323,Las tareas que la Inteligencia Artificial puede realizar de mejor forma que los humanos,https://www.larepublica.co/internet-economy/las-tareas-que-la-inteligencia-artificial-puede-realizar-de-mejor-forma-que-los-humanos-3694389
324,Tecnología,https://www.larepublica.co/internet-economy/conozca-las-opciones-de-gafas-de-realidad-virtual-que-hay-en-el-mercado-3694305
325,Conozca las opciones de gafas de realidad virtual que puede encontrar en el mercado,https://www.larepublica.co/internet-economy/conozca-las-opciones-de-gafas-de-realidad-virtual-que-hay-en-el-mercado-3694305
327,Consumo,https://www.larepublica.co/consumo
328,Alta Gerencia,https://www.larepublica.co/alta-gerencia
329,Finanzas Personales,https://www.larepublica.co/finanzas-personales
330,Infraestructura,https://www.larepublica.co/infraestructura
331,Internet Economy,https://www.larepublica.co/internet-economy
332,Responsabilidad Social,https://www.larepublica.co/responsabilidad-social
333,Salud Ejecutiva,https://www.larepublica.co/salud-ejecutiva
334,ANÁLISIS,https://www.larepublica.co/analisis
335,¿Por qué los ojos ciegos con el gota a gota?,https://www.larepublica.co/opinion/editorial/por-que-los-ojos-ciegos-con-el-gota-a-gota-3694139
336,"Persistencia, consistencia y coherencia",https://www.larepublica.co/analisis/ramiro-santa-513971/persistencia-consistencia-y-coherencia-3695027
337,Ramiro Santa,https://www.larepublica.co/analisis/ramiro-santa-513971
338,Preservar el autoabastecimiento,https://www.larepublica.co/analisis/jose-david-name-cardozo-507206/preservar-el-autoabastecimiento-3694343
339,José David Name Cardozo,https://www.larepublica.co/analisis/jose-david-name-cardozo-507206
340,"Influencers, retos y crecimiento en Colombia",https://www.larepublica.co/analisis/jesica-alcalde-3694312/influencers-retos-y-crecimiento-en-colombia-3694309
341,Jesica Alcalde,
342,Garantías de un sistema financiero resiliente,https://www.larepublica.co/analisis/david-bocanument-trujillo-3085187/garantias-de-un-sistema-financiero-resiliente-3694319
343,David Bocanument Trujillo,https://www.larepublica.co/analisis/david-bocanument-trujillo-3085187
344,Inteligencia artificial: beneficios y riesgos,https://www.larepublica.co/analisis/gustavo-moreno-montalvo-2565659/inteligencia-artificial-beneficios-y-riesgos-3694351
345,Gustavo Moreno Montalvo,https://www.larepublica.co/analisis/gustavo-moreno-montalvo-2565659
346,Nadie quiere tumbar al Presidente,https://www.larepublica.co/analisis/santiago-angel-rodriguez-3548824/nadie-quiere-tumbar-al-presidente-3694738
347,Santiago Ángel Rodríguez,https://www.larepublica.co/analisis/santiago-angel-rodriguez-3548824
348,CONSEJOS PARA LÍDERES,https://www.youtube.com/playlist?list=PLzLBGxDWGfRbBAJmBDsWc60c_Pr0lAFX8
349,MÁS ANÁLISIS,https://www.larepublica.co/analisis
350,PODCAST,https://www.larepublica.co/podcast
352,El milmillonario subsidio a taxistas,https://www.larepublica.co/podcast/lr-radio/el-milmillonario-subsidio-a-taxistas-3694377
353,LR Radio,https://www.larepublica.co/podcast/lr-radio
359,El trago amargo del segundo trimestre pasó,https://www.larepublica.co/podcast/editorial/el-trago-amargo-del-segundo-trimestre-paso-3678729
360,Editorial,https://www.larepublica.co/podcast/editorial
362,#ActualidadLatinoamericana |  Inversiones de la ANI,https://www.larepublica.co/podcast/actualidad-latinoamericana/actualidadlatinoamericana-inversiones-de-la-ani-3627905
363,Actualidad Latinoamericana,https://www.larepublica.co/podcast/actualidad-latinoamericana
365,"ProColombia, historias del corazón de Colombia / Capítulo Santander",https://www.larepublica.co/podcast/protagonistas-de-la-economia-colombiana/procolombia-historias-del-corazon-de-colombia-capitulo-santander-3413459
366,Protagonistas de la economía colombiana,https://www.larepublica.co/podcast/protagonistas-de-la-economia-colombiana
367,MÁS PODCAST,https://www.larepublica.co/podcast
370,Agricultura,https://www.agronegocios.co/finca/gobierno-de-estados-unidos-certifico-a-colombia-para-la-exportacion-de-camaron-3694104
371,Gobierno de Estados Unidos certificó a Colombia para la exportación de Camarón,https://www.agronegocios.co/finca/gobierno-de-estados-unidos-certifico-a-colombia-para-la-exportacion-de-camaron-3694104
372,Agricultura,https://www.agronegocios.co/agricultura/nuevo-registro-de-orquidea-en-el-valle-del-cauca-3693325
373,Investigadores registraron una nueva especie de orquídea terrestre en Valle del Cauca,https://www.agronegocios.co/agricultura/nuevo-registro-de-orquidea-en-el-valle-del-cauca-3693325
375,MÁS AGRONEGOCIOS,https://www.agronegocios.co
376,OCIO,https://www.larepublica.co/ocio
378,Entretenimiento,https://www.larepublica.co/ocio/bogota-eats-a-cielo-abierto-festicine-entre-los-eventos-culturales-este-fin-de-semana-3694586
379,"Bogotá Eats a Cielo Abierto, Festicine, entre los eventos culturales este fin de semana",https://www.larepublica.co/ocio/bogota-eats-a-cielo-abierto-festicine-entre-los-eventos-culturales-este-fin-de-semana-3694586
381,Entretenimiento,https://www.larepublica.co/ocio/barbie-supera-a-super-mario-como-la-pelicula-que-mas-movio-la-taquilla-este-ano-3695066
382,Barbie sobrepasa a Super Mario como la película que más movió la taquilla este año,https://www.larepublica.co/ocio/barbie-supera-a-super-mario-como-la-pelicula-que-mas-movio-la-taquilla-este-ano-3695066
384,Deportes,https://www.larepublica.co/ocio/alcaraz-supera-a-britanico-evans-y-pasa-a-cuarta-ronda-del-abierto-de-estados-unidos-3694999
385,Alcaraz supera a británico Evans y pasa a cuarta ronda del Abierto de Estados Unidos,https://www.larepublica.co/ocio/alcaraz-supera-a-britanico-evans-y-pasa-a-cuarta-ronda-del-abierto-de-estados-unidos-3694999
387,Gastronomía,https://www.larepublica.co/ocio/cosechando-sabores-llega-a-antioquia-para-promover-la-gastronomia-colombiana-3694922
388,“Cosechando Sabores” llega a Antioquia para promover la gastronomía colombiana,https://www.larepublica.co/ocio/cosechando-sabores-llega-a-antioquia-para-promover-la-gastronomia-colombiana-3694922
389,MÁS OCIO,https://www.larepublica.co/ocio
390,SOCIALES,https://www.larepublica.co/sociales
392,Ocio,https://www.larepublica.co/ocio/congreso-de-anato-en-san-andres-3694611
393,Concluyó Congreso Nacional de Agencias de Viajes y Turismo de Anato en San Andrés,https://www.larepublica.co/ocio/congreso-de-anato-en-san-andres-3694611
395,Ambiente,https://www.larepublica.co/ocio/se-llevo-a-cabo-el-foro-de-sostenibilidad-en-santander-sobre-ciudades-sostenibles-3693294
396,"Se llevó a cabo el foro de sostenibilidad en Santander sobre “Ciudades sostenibles""",https://www.larepublica.co/ocio/se-llevo-a-cabo-el-foro-de-sostenibilidad-en-santander-sobre-ciudades-sostenibles-3693294
398,Tecnología,https://www.larepublica.co/ocio/1ci-organizo-su-partners-days-latam-3692405
399,La empresa 1Ci realizó por segunda vez consecutiva su partners day Latam en Bogotá,https://www.larepublica.co/ocio/1ci-organizo-su-partners-days-latam-3692405
400,MÁS SOCIALES,https://www.larepublica.co/sociales
402,Biles vuelve al ruedo como el ave Fénix,https://www.larepublica.co/caja-fuerte/biles-vuelve-al-ruedo-como-el-ave-fenix-3693432
404,"Exdirector de BBC y The New York Times, ahora en CNN",https://www.larepublica.co/caja-fuerte/exdirector-de-bbc-y-the-new-york-times-ahora-en-cnn-3692494
406,La embajadora de Alemania se le midió al reciclaje,https://www.larepublica.co/caja-fuerte/la-embajadora-de-alemania-se-le-midio-al-reciclaje-3691418
407,MÁS CAJA FUERTE,https://www.larepublica.co/caja-fuerte
413,(+57) 1 4227600,tel:+5714227600
414,SUSCRÍBASE,https://wa.me/573057537322?text=Me%20interesa%20conocer%20los%20planes%20de%20suscripción
415,Agronegocios,https://www.agronegocios.co target='_blank' rel='noopener'
416,Alta Gerencia,https://www.larepublica.co/alta-gerencia
417,Análisis,https://www.larepublica.co/analisis
418,Asuntos Legales,https://www.asuntoslegales.com.co
419,Caja Fuerte,https://www.larepublica.co/caja-fuerte
420,Comunidad Empresarial,https://www.larepublica.co/comunidad-empresarial
421,Consumo,https://www.larepublica.co/consumo
422,Economía,https://www.larepublica.co/economia
423,Empresas,https://www.larepublica.co/empresas
424,Especiales,https://www.larepublica.co/especiales
425,Eventos,https://www.larepublica.co/foros
426,Finanzas,https://www.larepublica.co/finanzas
427,Finanzas Personales,https://www.larepublica.co/finanzas-personales
428,Globoeconomía,https://www.larepublica.co/globoeconomia
429,Indicadores,https://www.larepublica.co/indicadores-economicos
430,Infraestructura,https://www.larepublica.co/infraestructura
431,Inside,https://www.larepublica.co/inside
432,Internet Economy,https://www.larepublica.co/internet-economy
433,Obituarios,https://www.larepublica.co/obituarios
434,Ocio,https://www.larepublica.co/ocio
435,Podcast,https://www.larepublica.co/podcast
436,Responsabilidad Social,https://www.larepublica.co/responsabilidad-social
437,Salud Ejecutiva,https://www.larepublica.co/salud-ejecutiva
438,Sociales,https://www.larepublica.co/sociales
439,Videos,https://www.larepublica.co/videos
440,Mesa de Generación de Contenidos,https://www.larepublica.co/mesa-de-generacion-de-contenidos
441,Nuestros Productos,https://productos.larepublica.co/
442,Contáctenos,https://www.larepublica.co/contactenos
443,Aviso de privacidad,https://www.larepublica.co/aviso-de-privacidad
444,Términos y Condiciones,https://www.larepublica.co/aviso-legal
445,Política de Tratamiento de Información,https://www.larepublica.co/politica-de-privacidad
446,Política de Cookies,https://www.larepublica.co/politica-de-cookies
447,Superintendencia de Industria y Comercio,http://www.sic.gov.co/
449,asuntoslegales.com.co,https://www.asuntoslegales.com.co
450,agronegocios.co,https://www.agronegocios.co/
451,firmasdeabogados.com,https://www.firmasdeabogados.com/
452,bolsaencolombia.com,https://www.bolsaencolombia.com/
453,colombiapotenciaenergetica.com,https://www.colombiapotenciaenergetica.com/
454,casosdeexitoabogados.com, https://www.casosdeexitoabogados.com/
455,canalrcn.com,http://www.canalrcn.com
456,rcnradio.com,http://www.rcnradio.com/
457,noticiasrcn.com,https://www.noticiasrcn.com/
458,Organización Ardila Lülle - oal.com.co,http://www.oal.com.co
